EmpresaID,NomeEmpresa,CNPJ,DataFundacao,Ativa
1,Empresa 1,12.345.678/00001,1999-11-27,1
2,Empresa 2,12.345.678/00002,1982-05-10,1
3,Empresa 3,12.345.678/00003,1994-10-04,1
4,Empresa 4,12.345.678/00004,2016-09-26,1
5,Empresa 5,12.345.678/00005,1994-03-19,1
6,Empresa 6,12.345.678/00006,2012-10-03,1
7,Empresa 7,12.345.678/00007,2010-11-23,1
8,Empresa 8,12.345.678/00008,1995-09-13,1
9,Empresa 9,12.345.678/00009,1997-02-25,1
10,Empresa 10,12.345.678/00010,1981-04-11,1
11,Empresa 11,12.345.678/00011,2017-01-12,1
12,Empresa 12,12.345.678/00012,1992-02-13,1
13,Empresa 13,12.345.678/00013,1995-04-10,1
14,Empresa 14,12.345.678/00014,2019-06-28,1
15,Empresa 15,12.345.678/00015,2011-11-10,1
16,Empresa 16,12.345.678/00016,2011-02-10,1
17,Empresa 17,12.345.678/00017,2010-06-03,1
18,Empresa 18,12.345.678/00018,2002-10-14,1
19,Empresa 19,12.345.678/00019,1984-08-12,1
20,Empresa 20,12.345.678/00020,1982-02-08,1
21,Empresa 21,12.345.678/00021,2008-12-22,1
22,Empresa 22,12.345.678/00022,2017-10-16,1
23,Empresa 23,12.345.678/00023,1999-01-10,1
24,Empresa 24,12.345.678/00024,1986-08-30,1
25,Empresa 25,,1994-07-17,1
26,Empresa 26,12.345.678/00026,1993-10-30,1
27,Empresa 27,12.345.678/00027,1997-07-30,1
28,Empresa 28,12.345.678/00028,1983-03-30,1
29,Empresa 29,12.345.678/00029,1992-06-21,1
30,Empresa 30,12.345.678/00030,1989-04-08,1
31,Empresa 31,12.345.678/00031,2013-09-13,1
32,Empresa 32,12.345.678/00032,1997-07-06,1
33,Empresa 33,12.345.678/00033,2015-09-09,1
34,Empresa 34,12.345.678/00034,2010-05-19,1
35,Empresa 35,12.345.678/00035,2003-09-23,1
36,Empresa 36,12.345.678/00036,2005-05-23,1
37,Empresa 37,12.345.678/00037,1987-01-02,1
38,Empresa 38,12.345.678/00038,2001-06-28,1
39,Empresa 39,12.345.678/00039,1985-08-09,1
40,Empresa 40,12.345.678/00040,1987-07-10,0
41,Empresa 41,12.345.678/00041,2005-02-05,1
42,Empresa 42,12.345.678/00042,2007-05-17,1
43,Empresa 43,12.345.678/00043,1980-07-08,1
44,Empresa 44,12.345.678/00044,1987-06-27,1
45,Empresa 45,12.345.678/00045,1988-03-24,1
46,Empresa 46,12.345.678/00046,1992-10-02,1
47,Empresa 47,12.345.678/00047,1985-03-14,1
48,Empresa 48,12.345.678/00048,2001-03-05,1
49,Empresa 49,12.345.678/00049,1983-06-21,1
50,Empresa 50,,1984-03-08,1
51,Empresa 51,12.345.678/00051,2011-03-13,1
52,Empresa 52,12.345.678/00052,1989-09-26,1
53,Empresa 53,12.345.678/00053,1990-08-26,1
54,Empresa 54,12.345.678/00054,2004-03-13,1
55,Empresa 55,12.345.678/00055,2019-04-22,1
56,Empresa 56,12.345.678/00056,2010-05-03,1
57,Empresa 57,12.345.678/00057,2019-09-15,1
58,Empresa 58,12.345.678/00058,1994-10-07,1
59,Empresa 59,12.345.678/00059,2009-02-04,1
60,Empresa 60,12.345.678/00060,2004-01-27,1
61,Empresa 61,12.345.678/00061,2008-11-24,1
62,Empresa 62,12.345.678/00062,2008-01-27,1
63,Empresa 63,12.345.678/00063,2003-02-02,1
64,Empresa 64,12.345.678/00064,2008-01-07,1
65,Empresa 65,12.345.678/00065,2010-02-28,1
66,Empresa 66,12.345.678/00066,2000-07-27,1
67,Empresa 67,12.345.678/00067,1987-02-25,1
68,Empresa 68,12.345.678/00068,1999-04-12,1
69,Empresa 69,12.345.678/00069,2006-02-28,1
70,Empresa 70,12.345.678/00070,1997-01-26,1
71,Empresa 71,12.345.678/00071,1995-01-08,1
72,Empresa 72,12.345.678/00072,1999-06-09,1
73,Empresa 73,12.345.678/00073,2006-06-23,1
74,Empresa 74,12.345.678/00074,2009-06-05,1
75,Empresa 75,,1982-02-14,1
76,Empresa 76,12.345.678/00076,2013-06-02,1
77,Empresa 77,12.345.678/00077,2002-07-10,1
78,Empresa 78,12.345.678/00078,2019-10-24,1
79,Empresa 79,12.345.678/00079,1988-08-18,1
80,Empresa 80,12.345.678/00080,2007-10-13,0
81,Empresa 81,12.345.678/00081,1984-05-04,1
82,Empresa 82,12.345.678/00082,1990-10-18,1
83,Empresa 83,12.345.678/00083,2000-09-07,1
84,Empresa 84,12.345.678/00084,1988-05-31,1
85,Empresa 85,12.345.678/00085,1982-10-18,1
86,Empresa 86,12.345.678/00086,2011-11-27,1
87,Empresa 87,12.345.678/00087,2009-08-01,1
88,Empresa 88,12.345.678/00088,2016-09-25,1
89,Empresa 89,12.345.678/00089,1990-07-10,1
90,Empresa 90,12.345.678/00090,2001-11-15,1
91,Empresa 91,12.345.678/00091,2006-07-15,1
92,Empresa 92,12.345.678/00092,2015-07-26,1
93,Empresa 93,12.345.678/00093,2020-05-07,1
94,Empresa 94,12.345.678/00094,1998-10-26,1
95,Empresa 95,12.345.678/00095,1995-07-16,1
96,Empresa 96,12.345.678/00096,1980-06-10,1
97,Empresa 97,12.345.678/00097,1991-10-07,1
98,Empresa 98,12.345.678/00098,2007-11-08,1
99,Empresa 99,12.345.678/00000,1982-09-22,1
100,Empresa 100,,2019-12-27,1
101,Empresa 101,12.345.678/00002,2015-11-16,1
102,Empresa 102,12.345.678/00003,2011-07-31,1
103,Empresa 103,12.345.678/00004,2014-11-21,1
104,Empresa 104,12.345.678/00005,2000-11-20,1
105,Empresa 105,12.345.678/00006,2012-10-29,1
106,Empresa 106,12.345.678/00007,2005-12-02,1
107,Empresa 107,12.345.678/00008,1982-10-13,1
108,Empresa 108,12.345.678/00009,2001-07-18,1
109,Empresa 109,12.345.678/00010,1997-08-18,1
110,Empresa 110,12.345.678/00011,2001-08-10,1
111,Empresa 111,12.345.678/00012,1998-10-16,1
112,Empresa 112,12.345.678/00013,2001-09-03,1
113,Empresa 113,12.345.678/00014,2003-05-09,1
114,Empresa 114,12.345.678/00015,1982-05-28,1
115,Empresa 115,12.345.678/00016,2005-05-17,1
116,Empresa 116,12.345.678/00017,1993-05-19,1
117,Empresa 117,12.345.678/00018,2013-05-12,1
118,Empresa 118,12.345.678/00019,2019-11-04,1
119,Empresa 119,12.345.678/00020,1993-04-21,1
120,Empresa 120,12.345.678/00021,1997-05-02,0
121,Empresa 121,12.345.678/00022,2003-06-20,1
122,Empresa 122,12.345.678/00023,2003-10-11,1
123,Empresa 123,12.345.678/00024,1999-09-26,1
124,Empresa 124,12.345.678/00025,1994-06-12,1
125,Empresa 125,,1985-08-24,1
126,Empresa 126,12.345.678/00027,2013-01-23,1
127,Empresa 127,12.345.678/00028,1980-03-05,1
128,Empresa 128,12.345.678/00029,2001-12-02,1
129,Empresa 129,12.345.678/00030,1987-01-12,1
130,Empresa 130,12.345.678/00031,1994-12-16,1
131,Empresa 131,12.345.678/00032,2016-10-18,1
132,Empresa 132,12.345.678/00033,1985-07-20,1
133,Empresa 133,12.345.678/00034,1987-05-19,1
134,Empresa 134,12.345.678/00035,2006-07-10,1
135,Empresa 135,12.345.678/00036,1994-05-25,1
136,Empresa 136,12.345.678/00037,1995-05-20,1
137,Empresa 137,12.345.678/00038,1998-06-11,1
138,Empresa 138,12.345.678/00039,1981-01-26,1
139,Empresa 139,12.345.678/00040,2018-04-17,1
140,Empresa 140,12.345.678/00041,2014-10-15,1
141,Empresa 141,12.345.678/00042,2020-01-15,1
142,Empresa 142,12.345.678/00043,2014-09-05,1
143,Empresa 143,12.345.678/00044,1996-02-18,1
144,Empresa 144,12.345.678/00045,1989-10-01,1
145,Empresa 145,12.345.678/00046,2008-08-31,1
146,Empresa 146,12.345.678/00047,1996-12-06,1
147,Empresa 147,12.345.678/00048,1988-06-26,1
148,Empresa 148,12.345.678/00049,1997-03-10,1
149,Empresa 149,12.345.678/00050,2002-12-23,1
150,Empresa 150,,2018-09-29,1
151,Empresa 151,12.345.678/00052,2015-10-11,1
152,Empresa 152,12.345.678/00053,1988-07-01,1
153,Empresa 153,12.345.678/00054,1999-10-03,1
154,Empresa 154,12.345.678/00055,2015-01-07,1
155,Empresa 155,12.345.678/00056,1986-09-20,1
156,Empresa 156,12.345.678/00057,2012-05-29,1
157,Empresa 157,12.345.678/00058,2018-06-09,1
158,Empresa 158,12.345.678/00059,2004-08-18,1
159,Empresa 159,12.345.678/00060,2019-07-09,1
160,Empresa 160,12.345.678/00061,1987-06-24,0
161,Empresa 161,12.345.678/00062,2018-10-31,1
162,Empresa 162,12.345.678/00063,2010-01-08,1
163,Empresa 163,12.345.678/00064,2002-04-29,1
164,Empresa 164,12.345.678/00065,2006-09-23,1
165,Empresa 165,12.345.678/00066,1993-11-04,1
166,Empresa 166,12.345.678/00067,2020-12-04,1
167,Empresa 167,12.345.678/00068,2002-03-16,1
168,Empresa 168,12.345.678/00069,2017-09-16,1
169,Empresa 169,12.345.678/00070,2009-10-17,1
170,Empresa 170,12.345.678/00071,1990-07-07,1
171,Empresa 171,12.345.678/00072,1982-10-25,1
172,Empresa 172,12.345.678/00073,2000-03-21,1
173,Empresa 173,12.345.678/00074,1981-05-17,1
174,Empresa 174,12.345.678/00075,1998-12-02,1
175,Empresa 175,,2014-09-24,1
176,Empresa 176,12.345.678/00077,2004-10-23,1
177,Empresa 177,12.345.678/00078,1998-12-30,1
178,Empresa 178,12.345.678/00079,1992-04-15,1
179,Empresa 179,12.345.678/00080,1980-07-25,1
180,Empresa 180,12.345.678/00081,1994-01-21,1
181,Empresa 181,12.345.678/00082,1996-05-13,1
182,Empresa 182,12.345.678/00083,2001-02-20,1
183,Empresa 183,12.345.678/00084,1999-04-06,1
184,Empresa 184,12.345.678/00085,1984-01-24,1
185,Empresa 185,12.345.678/00086,2001-07-07,1
186,Empresa 186,12.345.678/00087,1982-05-13,1
187,Empresa 187,12.345.678/00088,1987-08-22,1
188,Empresa 188,12.345.678/00089,2000-04-13,1
189,Empresa 189,12.345.678/00090,2003-12-21,1
190,Empresa 190,12.345.678/00091,1994-01-03,1
191,Empresa 191,12.345.678/00092,2013-11-26,1
192,Empresa 192,12.345.678/00093,1996-06-24,1
193,Empresa 193,12.345.678/00094,1984-10-23,1
194,Empresa 194,12.345.678/00095,2020-07-29,1
195,Empresa 195,12.345.678/00096,2000-09-26,1
196,Empresa 196,12.345.678/00097,1997-06-14,1
197,Empresa 197,12.345.678/00098,1998-11-14,1
198,Empresa 198,12.345.678/00000,1984-08-05,1
199,Empresa 199,12.345.678/00001,1988-11-16,1
200,Empresa 200,,,0
201,Empresa 201,12.345.678/00003,1982-11-25,1
202,Empresa 202,12.345.678/00004,1998-04-04,1
203,Empresa 203,12.345.678/00005,2016-11-18,1
204,Empresa 204,12.345.678/00006,2007-02-22,1
205,Empresa 205,12.345.678/00007,2011-07-03,1
206,Empresa 206,12.345.678/00008,1988-08-23,1
207,Empresa 207,12.345.678/00009,1996-03-12,1
208,Empresa 208,12.345.678/00010,2009-08-13,1
209,Empresa 209,12.345.678/00011,2009-11-25,1
210,Empresa 210,12.345.678/00012,2020-10-09,1
211,Empresa 211,12.345.678/00013,2006-10-20,1
212,Empresa 212,12.345.678/00014,2010-10-22,1
213,Empresa 213,12.345.678/00015,1987-05-17,1
214,Empresa 214,12.345.678/00016,2015-10-27,1
215,Empresa 215,12.345.678/00017,2016-07-09,1
216,Empresa 216,12.345.678/00018,2018-02-21,1
217,Empresa 217,12.345.678/00019,1989-12-06,1
218,Empresa 218,12.345.678/00020,2006-02-28,1
219,Empresa 219,12.345.678/00021,2007-11-08,1
220,Empresa 220,12.345.678/00022,1994-12-03,1
221,Empresa 221,12.345.678/00023,1984-07-21,1
222,Empresa 222,12.345.678/00024,2006-08-13,1
223,Empresa 223,12.345.678/00025,2008-01-04,1
224,Empresa 224,12.345.678/00026,1995-04-24,1
225,Empresa 225,,2011-06-21,1
226,Empresa 226,12.345.678/00028,2008-07-21,1
227,Empresa 227,12.345.678/00029,2000-03-28,1
228,Empresa 228,12.345.678/00030,2017-07-01,1
229,Empresa 229,12.345.678/00031,2017-06-23,1
230,Empresa 230,12.345.678/00032,1983-07-30,1
231,Empresa 231,12.345.678/00033,2013-06-17,1
232,Empresa 232,12.345.678/00034,1998-07-21,1
233,Empresa 233,12.345.678/00035,2009-10-02,1
234,Empresa 234,12.345.678/00036,2016-04-21,1
235,Empresa 235,12.345.678/00037,1996-01-21,1
236,Empresa 236,12.345.678/00038,2005-12-09,1
237,Empresa 237,12.345.678/00039,2000-08-09,1
238,Empresa 238,12.345.678/00040,2004-05-15,1
239,Empresa 239,12.345.678/00041,1995-04-07,1
240,Empresa 240,12.345.678/00042,1995-02-21,0
241,Empresa 241,12.345.678/00043,2015-06-02,1
242,Empresa 242,12.345.678/00044,1992-01-31,1
243,Empresa 243,12.345.678/00045,1990-04-06,1
244,Empresa 244,12.345.678/00046,2017-01-31,1
245,Empresa 245,12.345.678/00047,2015-07-07,1
246,Empresa 246,12.345.678/00048,1981-10-25,1
247,Empresa 247,12.345.678/00049,1985-06-21,1
248,Empresa 248,12.345.678/00050,2001-11-20,1
249,Empresa 249,12.345.678/00051,2011-11-11,1
250,Empresa 250,,2012-09-04,1
251,Empresa 251,12.345.678/00053,2018-02-09,1
252,Empresa 252,12.345.678/00054,1984-02-04,1
253,Empresa 253,12.345.678/00055,1989-01-17,1
254,Empresa 254,12.345.678/00056,1990-04-21,1
255,Empresa 255,12.345.678/00057,1994-04-29,1
256,Empresa 256,12.345.678/00058,1985-01-27,1
257,Empresa 257,12.345.678/00059,2017-10-21,1
258,Empresa 258,12.345.678/00060,1998-01-11,1
259,Empresa 259,12.345.678/00061,2015-03-09,1
260,Empresa 260,12.345.678/00062,1983-07-15,1
261,Empresa 261,12.345.678/00063,1989-10-21,1
262,Empresa 262,12.345.678/00064,2011-11-23,1
263,Empresa 263,12.345.678/00065,2000-09-06,1
264,Empresa 264,12.345.678/00066,1999-12-07,1
265,Empresa 265,12.345.678/00067,1984-06-24,1
266,Empresa 266,12.345.678/00068,1990-02-13,1
267,Empresa 267,12.345.678/00069,2010-08-22,1
268,Empresa 268,12.345.678/00070,2011-01-22,1
269,Empresa 269,12.345.678/00071,1981-11-29,1
270,Empresa 270,12.345.678/00072,2008-05-05,1
271,Empresa 271,12.345.678/00073,2013-08-24,1
272,Empresa 272,12.345.678/00074,1992-12-20,1
273,Empresa 273,12.345.678/00075,2019-11-07,1
274,Empresa 274,12.345.678/00076,2017-12-29,1
275,Empresa 275,,1982-05-04,1
276,Empresa 276,12.345.678/00078,2002-05-09,1
277,Empresa 277,12.345.678/00079,1996-01-12,1
278,Empresa 278,12.345.678/00080,2000-03-28,1
279,Empresa 279,12.345.678/00081,1997-11-15,1
280,Empresa 280,12.345.678/00082,2011-12-10,0
281,Empresa 281,12.345.678/00083,2018-03-11,1
282,Empresa 282,12.345.678/00084,1994-05-16,1
283,Empresa 283,12.345.678/00085,1994-02-28,1
284,Empresa 284,12.345.678/00086,1984-09-03,1
285,Empresa 285,12.345.678/00087,2010-01-12,1
286,Empresa 286,12.345.678/00088,1995-11-09,1
287,Empresa 287,12.345.678/00089,2007-03-05,1
288,Empresa 288,12.345.678/00090,1995-02-26,1
289,Empresa 289,12.345.678/00091,2019-12-04,1
290,Empresa 290,12.345.678/00092,1993-07-02,1
291,Empresa 291,12.345.678/00093,1989-08-11,1
292,Empresa 292,12.345.678/00094,1980-07-21,1
293,Empresa 293,12.345.678/00095,2011-05-05,1
294,Empresa 294,12.345.678/00096,1991-07-20,1
295,Empresa 295,12.345.678/00097,2014-09-27,1
296,Empresa 296,12.345.678/00098,2004-07-11,1
297,Empresa 297,12.345.678/00000,1992-01-07,1
298,Empresa 298,12.345.678/00001,1986-05-16,1
299,Empresa 299,12.345.678/00002,2001-11-30,1
300,Empresa 300,,1988-01-10,1
301,Empresa 301,12.345.678/00004,2001-04-17,1
302,Empresa 302,12.345.678/00005,1980-07-16,1
303,Empresa 303,12.345.678/00006,1999-07-05,1
304,Empresa 304,12.345.678/00007,1985-04-14,1
305,Empresa 305,12.345.678/00008,2012-03-27,1
306,Empresa 306,12.345.678/00009,1997-03-19,1
307,Empresa 307,12.345.678/00010,2004-02-04,1
308,Empresa 308,12.345.678/00011,2011-05-22,1
309,Empresa 309,12.345.678/00012,2005-07-27,1
310,Empresa 310,12.345.678/00013,1991-09-22,1
311,Empresa 311,12.345.678/00014,2011-09-24,1
312,Empresa 312,12.345.678/00015,1986-11-16,1
313,Empresa 313,12.345.678/00016,2007-05-05,1
314,Empresa 314,12.345.678/00017,,1
315,Empresa 315,12.345.678/00018,1987-09-12,1
316,Empresa 316,12.345.678/00019,1999-06-08,1
317,Empresa 317,12.345.678/00020,2018-12-30,1
318,Empresa 318,12.345.678/00021,1997-12-03,1
319,Empresa 319,12.345.678/00022,2006-03-06,1
320,Empresa 320,12.345.678/00023,1985-06-09,0
321,Empresa 321,12.345.678/00024,2017-11-04,1
322,Empresa 322,12.345.678/00025,2002-10-30,1
323,Empresa 323,12.345.678/00026,2011-03-30,1
324,Empresa 324,12.345.678/00027,1987-12-21,1
325,Empresa 325,,1984-09-30,1
326,Empresa 326,12.345.678/00029,1985-01-17,1
327,Empresa 327,12.345.678/00030,2003-10-07,1
328,Empresa 328,12.345.678/00031,1988-02-24,1
329,Empresa 329,12.345.678/00032,1985-05-13,1
330,Empresa 330,12.345.678/00033,1995-10-08,1
331,Empresa 331,12.345.678/00034,1998-04-30,1
332,Empresa 332,12.345.678/00035,1986-07-13,1
333,Empresa 333,12.345.678/00036,2010-06-03,1
334,Empresa 334,12.345.678/00037,1992-12-19,1
335,Empresa 335,12.345.678/00038,1984-12-07,1
336,Empresa 336,12.345.678/00039,2002-04-30,1
337,Empresa 337,12.345.678/00040,2002-03-26,1
338,Empresa 338,12.345.678/00041,1998-02-11,1
339,Empresa 339,12.345.678/00042,2019-01-13,1
340,Empresa 340,12.345.678/00043,2019-08-30,1
341,Empresa 341,12.345.678/00044,1995-02-25,1
342,Empresa 342,12.345.678/00045,1991-02-13,1
343,Empresa 343,12.345.678/00046,2011-08-27,1
344,Empresa 344,12.345.678/00047,2018-02-12,1
345,Empresa 345,12.345.678/00048,1980-09-19,1
346,Empresa 346,12.345.678/00049,2018-07-15,1
347,Empresa 347,12.345.678/00050,1997-03-19,1
348,Empresa 348,12.345.678/00051,2020-03-12,1
349,Empresa 349,12.345.678/00052,2004-02-19,1
350,Empresa 350,,2005-03-18,1
351,Empresa 351,12.345.678/00054,2012-05-27,1
352,Empresa 352,12.345.678/00055,2016-01-20,1
353,Empresa 353,12.345.678/00056,1985-08-11,1
354,Empresa 354,12.345.678/00057,1994-11-06,1
355,Empresa 355,12.345.678/00058,2019-12-11,1
356,Empresa 356,12.345.678/00059,2012-08-15,1
357,Empresa 357,12.345.678/00060,1992-06-14,1
358,Empresa 358,12.345.678/00061,1988-07-05,1
359,Empresa 359,12.345.678/00062,2016-11-18,1
360,Empresa 360,12.345.678/00063,2013-08-17,0
361,Empresa 361,12.345.678/00064,1999-08-07,1
362,Empresa 362,12.345.678/00065,2008-01-22,1
363,Empresa 363,12.345.678/00066,2000-04-05,1
364,Empresa 364,12.345.678/00067,1988-09-05,1
365,Empresa 365,12.345.678/00068,2007-01-13,1
366,Empresa 366,12.345.678/00069,1986-03-05,1
367,Empresa 367,12.345.678/00070,1983-02-28,1
368,Empresa 368,12.345.678/00071,1992-04-26,1
369,Empresa 369,12.345.678/00072,1997-03-27,1
370,Empresa 370,12.345.678/00073,1996-12-19,1
371,Empresa 371,12.345.678/00074,2011-03-02,1
372,Empresa 372,12.345.678/00075,2007-01-27,1
373,Empresa 373,12.345.678/00076,2013-05-10,1
374,Empresa 374,12.345.678/00077,2015-05-12,1
375,Empresa 375,,2015-04-01,1
376,Empresa 376,12.345.678/00079,1984-07-06,1
377,Empresa 377,12.345.678/00080,1995-03-02,1
378,Empresa 378,12.345.678/00081,2006-05-21,1
379,Empresa 379,12.345.678/00082,1991-07-01,1
380,Empresa 380,12.345.678/00083,2013-03-03,1
381,Empresa 381,12.345.678/00084,2003-02-14,1
382,Empresa 382,12.345.678/00085,2011-02-22,1
383,Empresa 383,12.345.678/00086,1987-01-01,1
384,Empresa 384,12.345.678/00087,1995-04-24,1
385,Empresa 385,12.345.678/00088,1980-04-08,1
386,Empresa 386,12.345.678/00089,1986-01-09,1
387,Empresa 387,12.345.678/00090,2018-10-20,1
388,Empresa 388,12.345.678/00091,1988-02-09,1
389,Empresa 389,12.345.678/00092,2018-11-24,1
390,Empresa 390,12.345.678/00093,1993-08-13,1
391,Empresa 391,12.345.678/00094,1992-02-20,1
392,Empresa 392,12.345.678/00095,2012-10-08,1
393,Empresa 393,12.345.678/00096,1987-11-09,1
394,Empresa 394,12.345.678/00097,2011-04-14,1
395,Empresa 395,12.345.678/00098,2012-10-22,1
396,Empresa 396,12.345.678/00000,1982-08-14,1
397,Empresa 397,12.345.678/00001,2018-04-23,1
398,Empresa 398,12.345.678/00002,2013-07-25,1
399,Empresa 399,12.345.678/00003,2002-11-13,1
400,Empresa 400,,1995-08-09,0
401,Empresa 401,12.345.678/00005,1999-01-05,1
402,Empresa 402,12.345.678/00006,1992-04-20,1
403,Empresa 403,12.345.678/00007,2005-12-27,1
404,Empresa 404,12.345.678/00008,1993-06-12,1
405,Empresa 405,12.345.678/00009,1990-12-01,1
406,Empresa 406,12.345.678/00010,2006-08-11,1
407,Empresa 407,12.345.678/00011,1996-06-20,1
408,Empresa 408,12.345.678/00012,2017-07-08,1
409,Empresa 409,12.345.678/00013,2016-10-24,1
410,Empresa 410,12.345.678/00014,1983-05-03,1
411,Empresa 411,12.345.678/00015,1992-04-23,1
412,Empresa 412,12.345.678/00016,1992-12-18,1
413,Empresa 413,12.345.678/00017,2010-12-05,1
414,Empresa 414,12.345.678/00018,2009-12-01,1
415,Empresa 415,12.345.678/00019,1992-06-21,1
416,Empresa 416,12.345.678/00020,2005-01-15,1
417,Empresa 417,12.345.678/00021,2002-01-15,1
418,Empresa 418,12.345.678/00022,2014-12-05,1
419,Empresa 419,12.345.678/00023,1989-06-08,1
420,Empresa 420,12.345.678/00024,1982-11-11,1
421,Empresa 421,12.345.678/00025,1998-11-15,1
422,Empresa 422,12.345.678/00026,1984-08-20,1
423,Empresa 423,12.345.678/00027,2019-05-09,1
424,Empresa 424,12.345.678/00028,2019-11-17,1
425,Empresa 425,,1989-05-29,1
426,Empresa 426,12.345.678/00030,2003-12-20,1
427,Empresa 427,12.345.678/00031,2009-03-26,1
428,Empresa 428,12.345.678/00032,1996-02-21,1
429,Empresa 429,12.345.678/00033,1989-03-08,1
430,Empresa 430,12.345.678/00034,2019-04-28,1
431,Empresa 431,12.345.678/00035,1980-08-13,1
432,Empresa 432,12.345.678/00036,1993-05-25,1
433,Empresa 433,12.345.678/00037,2020-01-10,1
434,Empresa 434,12.345.678/00038,1999-03-24,1
435,Empresa 435,12.345.678/00039,2005-01-20,1
436,Empresa 436,12.345.678/00040,1995-05-02,1
437,Empresa 437,12.345.678/00041,2014-11-18,1
438,Empresa 438,12.345.678/00042,2010-10-29,1
439,Empresa 439,12.345.678/00043,2001-11-22,1
440,Empresa 440,12.345.678/00044,2004-08-29,0
441,Empresa 441,12.345.678/00045,2015-06-12,1
442,Empresa 442,12.345.678/00046,2001-01-13,1
443,Empresa 443,12.345.678/00047,1992-09-16,1
444,Empresa 444,12.345.678/00048,2016-12-20,1
445,Empresa 445,12.345.678/00049,2010-12-21,1
446,Empresa 446,12.345.678/00050,2001-01-09,1
447,Empresa 447,12.345.678/00051,2002-06-22,1
448,Empresa 448,12.345.678/00052,2000-02-04,1
449,Empresa 449,12.345.678/00053,2005-10-31,1
450,Empresa 450,,1986-01-14,1
451,Empresa 451,12.345.678/00055,2009-05-04,1
452,Empresa 452,12.345.678/00056,1982-12-05,1
453,Empresa 453,12.345.678/00057,1989-06-06,1
454,Empresa 454,12.345.678/00058,2009-06-14,1
455,Empresa 455,12.345.678/00059,2019-07-09,1
456,Empresa 456,12.345.678/00060,2018-06-26,1
457,Empresa 457,12.345.678/00061,1982-11-26,1
458,Empresa 458,12.345.678/00062,1986-05-16,1
459,Empresa 459,12.345.678/00063,1989-05-13,1
460,Empresa 460,12.345.678/00064,2020-08-10,1
461,Empresa 461,12.345.678/00065,1980-10-28,1
462,Empresa 462,12.345.678/00066,2014-02-19,1
463,Empresa 463,12.345.678/00067,1981-08-29,1
464,Empresa 464,12.345.678/00068,1988-09-05,1
465,Empresa 465,12.345.678/00069,1981-11-30,1
466,Empresa 466,12.345.678/00070,1993-12-06,1
467,Empresa 467,12.345.678/00071,2005-07-19,1
468,Empresa 468,12.345.678/00072,1980-07-09,1
469,Empresa 469,12.345.678/00073,2008-09-22,1
470,Empresa 470,12.345.678/00074,1982-09-07,1
471,Empresa 471,12.345.678/00075,1988-02-23,1
472,Empresa 472,12.345.678/00076,1996-09-15,1
473,Empresa 473,12.345.678/00077,1983-03-30,1
474,Empresa 474,12.345.678/00078,1989-02-09,1
475,Empresa 475,,1989-04-17,1
476,Empresa 476,12.345.678/00080,2002-10-11,1
477,Empresa 477,12.345.678/00081,2008-01-31,1
478,Empresa 478,12.345.678/00082,1984-12-21,1
479,Empresa 479,12.345.678/00083,1996-01-11,1
480,Empresa 480,12.345.678/00084,1998-05-15,0
481,Empresa 481,12.345.678/00085,1981-07-23,1
482,Empresa 482,12.345.678/00086,1994-11-25,1
483,Empresa 483,12.345.678/00087,1985-03-10,1
484,Empresa 484,12.345.678/00088,1987-06-26,1
485,Empresa 485,12.345.678/00089,1990-07-30,1
486,Empresa 486,12.345.678/00090,2015-05-10,1
487,Empresa 487,12.345.678/00091,2000-05-30,1
488,Empresa 488,12.345.678/00092,1990-12-28,1
489,Empresa 489,12.345.678/00093,2010-05-16,1
490,Empresa 490,12.345.678/00094,1984-08-13,1
491,Empresa 491,12.345.678/00095,1988-03-28,1
492,Empresa 492,12.345.678/00096,2001-05-16,1
493,Empresa 493,12.345.678/00097,1980-06-03,1
494,Empresa 494,12.345.678/00098,2009-05-17,1
495,Empresa 495,12.345.678/00000,1983-11-10,1
496,Empresa 496,12.345.678/00001,2013-07-15,1
497,Empresa 497,12.345.678/00002,1982-02-23,1
498,Empresa 498,12.345.678/00003,2011-02-14,1
499,Empresa 499,12.345.678/00004,2002-03-02,1
500,Empresa 500,,2000-09-12,1
501,Empresa 501,12.345.678/00006,2014-04-25,1
502,Empresa 502,12.345.678/00007,2000-02-08,1
503,Empresa 503,12.345.678/00008,1999-09-24,1
504,Empresa 504,12.345.678/00009,1995-04-28,1
505,Empresa 505,12.345.678/00010,1995-11-19,1
506,Empresa 506,12.345.678/00011,1987-09-07,1
507,Empresa 507,12.345.678/00012,1981-06-21,1
508,Empresa 508,12.345.678/00013,1996-05-22,1
509,Empresa 509,12.345.678/00014,1985-01-15,1
510,Empresa 510,12.345.678/00015,2016-02-29,1
511,Empresa 511,12.345.678/00016,2009-02-24,1
512,Empresa 512,12.345.678/00017,2003-11-12,1
513,Empresa 513,12.345.678/00018,1999-02-01,1
514,Empresa 514,12.345.678/00019,1995-05-27,1
515,Empresa 515,12.345.678/00020,1988-01-29,1
516,Empresa 516,12.345.678/00021,2001-11-18,1
517,Empresa 517,12.345.678/00022,2013-09-27,1
518,Empresa 518,12.345.678/00023,1993-02-01,1
519,Empresa 519,12.345.678/00024,2013-09-11,1
520,Empresa 520,12.345.678/00025,1986-06-26,0
521,Empresa 521,12.345.678/00026,2012-12-17,1
522,Empresa 522,12.345.678/00027,1998-03-22,1
523,Empresa 523,12.345.678/00028,2002-05-18,1
524,Empresa 524,12.345.678/00029,1992-04-22,1
525,Empresa 525,,2009-10-28,1
526,Empresa 526,12.345.678/00031,2005-02-01,1
527,Empresa 527,12.345.678/00032,1996-06-07,1
528,Empresa 528,12.345.678/00033,1998-02-09,1
529,Empresa 529,12.345.678/00034,2005-08-15,1
530,Empresa 530,12.345.678/00035,2016-09-11,1
531,Empresa 531,12.345.678/00036,2015-12-04,1
532,Empresa 532,12.345.678/00037,1996-03-16,1
533,Empresa 533,12.345.678/00038,2010-01-09,1
534,Empresa 534,12.345.678/00039,2007-11-09,1
535,Empresa 535,12.345.678/00040,1982-05-03,1
536,Empresa 536,12.345.678/00041,1991-05-09,1
537,Empresa 537,12.345.678/00042,2012-08-28,1
538,Empresa 538,12.345.678/00043,1990-04-27,1
539,Empresa 539,12.345.678/00044,1981-07-28,1
540,Empresa 540,12.345.678/00045,2011-05-11,1
541,Empresa 541,12.345.678/00046,1983-02-22,1
542,Empresa 542,12.345.678/00047,1997-03-25,1
543,Empresa 543,12.345.678/00048,1997-09-05,1
544,Empresa 544,12.345.678/00049,2020-10-22,1
545,Empresa 545,12.345.678/00050,2000-07-23,1
546,Empresa 546,12.345.678/00051,2020-01-31,1
547,Empresa 547,12.345.678/00052,2007-02-15,1
548,Empresa 548,12.345.678/00053,1993-01-29,1
549,Empresa 549,12.345.678/00054,2015-12-08,1
550,Empresa 550,,1990-07-21,1
551,Empresa 551,12.345.678/00056,2016-08-04,1
552,Empresa 552,12.345.678/00057,1986-10-27,1
553,Empresa 553,12.345.678/00058,2009-09-17,1
554,Empresa 554,12.345.678/00059,2019-12-21,1
555,Empresa 555,12.345.678/00060,1988-07-21,1
556,Empresa 556,12.345.678/00061,1995-08-01,1
557,Empresa 557,12.345.678/00062,1988-05-09,1
558,Empresa 558,12.345.678/00063,1980-01-05,1
559,Empresa 559,12.345.678/00064,1994-04-19,1
560,Empresa 560,12.345.678/00065,1994-07-21,0
561,Empresa 561,12.345.678/00066,1993-05-01,1
562,Empresa 562,12.345.678/00067,1982-05-26,1
563,Empresa 563,12.345.678/00068,2005-02-21,1
564,Empresa 564,12.345.678/00069,1999-03-29,1
565,Empresa 565,12.345.678/00070,1991-05-05,1
566,Empresa 566,12.345.678/00071,1999-01-27,1
567,Empresa 567,12.345.678/00072,1999-05-20,1
568,Empresa 568,12.345.678/00073,2001-11-13,1
569,Empresa 569,12.345.678/00074,1998-08-13,1
570,Empresa 570,12.345.678/00075,2014-05-18,1
571,Empresa 571,12.345.678/00076,1992-03-23,1
572,Empresa 572,12.345.678/00077,1981-09-27,1
573,Empresa 573,12.345.678/00078,2016-09-25,1
574,Empresa 574,12.345.678/00079,1984-08-20,1
575,Empresa 575,,2007-01-13,1
576,Empresa 576,12.345.678/00081,1993-01-04,1
577,Empresa 577,12.345.678/00082,2002-10-03,1
578,Empresa 578,12.345.678/00083,1982-04-10,1
579,Empresa 579,12.345.678/00084,2018-08-07,1
580,Empresa 580,12.345.678/00085,2012-06-28,1
581,Empresa 581,12.345.678/00086,1994-03-05,1
582,Empresa 582,12.345.678/00087,2019-01-18,1
583,Empresa 583,12.345.678/00088,2006-03-06,1
584,Empresa 584,12.345.678/00089,2004-06-15,1
585,Empresa 585,12.345.678/00090,2002-09-30,1
586,Empresa 586,12.345.678/00091,1996-04-15,1
587,Empresa 587,12.345.678/00092,1987-10-09,1
588,Empresa 588,12.345.678/00093,1983-02-24,1
589,Empresa 589,12.345.678/00094,2000-09-12,1
590,Empresa 590,12.345.678/00095,1985-04-15,1
591,Empresa 591,12.345.678/00096,2005-03-14,1
592,Empresa 592,12.345.678/00097,1984-07-22,1
593,Empresa 593,12.345.678/00098,1982-12-17,1
594,Empresa 594,12.345.678/00000,2015-05-18,1
595,Empresa 595,12.345.678/00001,1981-05-27,1
596,Empresa 596,12.345.678/00002,2010-03-25,1
597,Empresa 597,12.345.678/00003,2016-09-15,1
598,Empresa 598,12.345.678/00004,2001-05-15,1
599,Empresa 599,12.345.678/00005,1994-05-04,1
600,Empresa 600,,1981-07-13,0
601,Empresa 601,12.345.678/00007,1990-01-20,1
602,Empresa 602,12.345.678/00008,2014-12-23,1
603,Empresa 603,12.345.678/00009,2000-04-09,1
604,Empresa 604,12.345.678/00010,2016-02-05,1
605,Empresa 605,12.345.678/00011,1989-02-25,1
606,Empresa 606,12.345.678/00012,2016-12-17,1
607,Empresa 607,12.345.678/00013,1991-02-22,1
608,Empresa 608,12.345.678/00014,2015-07-27,1
609,Empresa 609,12.345.678/00015,2006-06-15,1
610,Empresa 610,12.345.678/00016,1981-08-03,1
611,Empresa 611,12.345.678/00017,1999-03-06,1
612,Empresa 612,12.345.678/00018,2008-09-16,1
613,Empresa 613,12.345.678/00019,2002-04-05,1
614,Empresa 614,12.345.678/00020,1988-08-13,1
615,Empresa 615,12.345.678/00021,1991-08-20,1
616,Empresa 616,12.345.678/00022,1984-08-06,1
617,Empresa 617,12.345.678/00023,1989-08-07,1
618,Empresa 618,12.345.678/00024,2016-05-15,1
619,Empresa 619,12.345.678/00025,1999-11-10,1
620,Empresa 620,12.345.678/00026,1987-07-07,1
621,Empresa 621,12.345.678/00027,2011-08-14,1
622,Empresa 622,12.345.678/00028,2013-07-03,1
623,Empresa 623,12.345.678/00029,2005-10-31,1
624,Empresa 624,12.345.678/00030,1994-03-16,1
625,Empresa 625,,2010-12-19,1
626,Empresa 626,12.345.678/00032,2016-05-27,1
627,Empresa 627,12.345.678/00033,1985-11-11,1
628,Empresa 628,12.345.678/00034,2018-07-01,1
629,Empresa 629,12.345.678/00035,2016-04-06,1
630,Empresa 630,12.345.678/00036,2010-10-21,1
631,Empresa 631,12.345.678/00037,2014-11-18,1
632,Empresa 632,12.345.678/00038,2017-01-01,1
633,Empresa 633,12.345.678/00039,2010-07-13,1
634,Empresa 634,12.345.678/00040,2008-08-18,1
635,Empresa 635,12.345.678/00041,1998-02-12,1
636,Empresa 636,12.345.678/00042,1986-10-15,1
637,Empresa 637,12.345.678/00043,1997-10-02,1
638,Empresa 638,12.345.678/00044,2015-02-24,1
639,Empresa 639,12.345.678/00045,2006-11-27,1
640,Empresa 640,12.345.678/00046,2017-03-27,0
641,Empresa 641,12.345.678/00047,2000-04-26,1
642,Empresa 642,12.345.678/00048,2007-03-29,1
643,Empresa 643,12.345.678/00049,1992-03-10,1
644,Empresa 644,12.345.678/00050,2008-02-05,1
645,Empresa 645,12.345.678/00051,1996-02-07,1
646,Empresa 646,12.345.678/00052,1998-04-01,1
647,Empresa 647,12.345.678/00053,2018-07-09,1
648,Empresa 648,12.345.678/00054,1987-10-20,1
649,Empresa 649,12.345.678/00055,2011-05-01,1
650,Empresa 650,,2000-03-26,1
651,Empresa 651,12.345.678/00057,1998-11-27,1
652,Empresa 652,12.345.678/00058,2012-08-22,1
653,Empresa 653,12.345.678/00059,1986-10-25,1
654,Empresa 654,12.345.678/00060,2006-11-23,1
655,Empresa 655,12.345.678/00061,2010-02-20,1
656,Empresa 656,12.345.678/00062,2005-03-17,1
657,Empresa 657,12.345.678/00063,2006-02-13,1
658,Empresa 658,12.345.678/00064,1992-08-16,1
659,Empresa 659,12.345.678/00065,2010-11-18,1
660,Empresa 660,12.345.678/00066,1987-10-10,1
661,Empresa 661,12.345.678/00067,2003-05-07,1
662,Empresa 662,12.345.678/00068,1996-02-04,1
663,Empresa 663,12.345.678/00069,2019-12-15,1
664,Empresa 664,12.345.678/00070,2015-01-01,1
665,Empresa 665,12.345.678/00071,2004-11-17,1
666,Empresa 666,12.345.678/00072,1997-04-04,1
667,Empresa 667,12.345.678/00073,2012-02-20,1
668,Empresa 668,12.345.678/00074,1982-05-01,1
669,Empresa 669,12.345.678/00075,1984-08-14,1
670,Empresa 670,12.345.678/00076,2007-09-19,1
671,Empresa 671,12.345.678/00077,1998-09-16,1
672,Empresa 672,12.345.678/00078,2012-09-07,1
673,Empresa 673,12.345.678/00079,1986-08-24,1
674,Empresa 674,12.345.678/00080,2006-09-21,1
675,Empresa 675,,1990-12-14,1
676,Empresa 676,12.345.678/00082,1993-10-31,1
677,Empresa 677,12.345.678/00083,1987-07-01,1
678,Empresa 678,12.345.678/00084,2012-01-03,1
679,Empresa 679,12.345.678/00085,1995-09-11,1
680,Empresa 680,12.345.678/00086,1994-10-01,0
681,Empresa 681,12.345.678/00087,2001-11-28,1
682,Empresa 682,12.345.678/00088,1995-02-27,1
683,Empresa 683,12.345.678/00089,2016-11-26,1
684,Empresa 684,12.345.678/00090,1990-09-18,1
685,Empresa 685,12.345.678/00091,1982-12-02,1
686,Empresa 686,12.345.678/00092,2001-02-22,1
687,Empresa 687,12.345.678/00093,1991-12-29,1
688,Empresa 688,12.345.678/00094,2009-02-13,1
689,Empresa 689,12.345.678/00095,1991-03-31,1
690,Empresa 690,12.345.678/00096,1995-09-05,1
691,Empresa 691,12.345.678/00097,1989-03-27,1
692,Empresa 692,12.345.678/00098,2013-04-18,1
693,Empresa 693,12.345.678/00000,2009-05-26,1
694,Empresa 694,12.345.678/00001,2004-06-28,1
695,Empresa 695,12.345.678/00002,1985-09-13,1
696,Empresa 696,12.345.678/00003,2010-01-09,1
697,Empresa 697,12.345.678/00004,2010-05-11,1
698,Empresa 698,12.345.678/00005,2013-11-20,1
699,Empresa 699,12.345.678/00006,2004-07-20,1
700,Empresa 700,,1998-06-23,1
701,Empresa 701,12.345.678/00008,2006-11-17,1
702,Empresa 702,12.345.678/00009,2010-10-31,1
703,Empresa 703,12.345.678/00010,1981-02-21,1
704,Empresa 704,12.345.678/00011,2002-09-28,1
705,Empresa 705,12.345.678/00012,2004-02-12,1
706,Empresa 706,12.345.678/00013,1990-11-18,1
707,Empresa 707,12.345.678/00014,1988-12-11,1
708,Empresa 708,12.345.678/00015,1982-04-05,1
709,Empresa 709,12.345.678/00016,2000-12-29,1
710,Empresa 710,12.345.678/00017,1995-09-24,1
711,Empresa 711,12.345.678/00018,2006-07-31,1
712,Empresa 712,12.345.678/00019,2011-01-16,1
713,Empresa 713,12.345.678/00020,1981-02-16,1
714,Empresa 714,12.345.678/00021,2000-08-26,1
715,Empresa 715,12.345.678/00022,2000-10-09,1
716,Empresa 716,12.345.678/00023,1981-12-29,1
717,Empresa 717,12.345.678/00024,2011-08-06,1
718,Empresa 718,12.345.678/00025,1999-08-13,1
719,Empresa 719,12.345.678/00026,2010-02-12,1
720,Empresa 720,12.345.678/00027,2004-04-11,0
721,Empresa 721,12.345.678/00028,2011-12-01,1
722,Empresa 722,12.345.678/00029,1996-05-24,1
723,Empresa 723,12.345.678/00030,1986-11-09,1
724,Empresa 724,12.345.678/00031,1988-02-15,1
725,Empresa 725,,2019-10-10,1
726,Empresa 726,12.345.678/00033,1987-08-18,1
727,Empresa 727,12.345.678/00034,1983-01-27,1
728,Empresa 728,12.345.678/00035,1991-03-03,1
729,Empresa 729,12.345.678/00036,1984-04-20,1
730,Empresa 730,12.345.678/00037,1993-11-21,1
731,Empresa 731,12.345.678/00038,1993-12-22,1
732,Empresa 732,12.345.678/00039,1985-11-13,1
733,Empresa 733,12.345.678/00040,2007-01-18,1
734,Empresa 734,12.345.678/00041,1998-08-20,1
735,Empresa 735,12.345.678/00042,2000-02-22,1
736,Empresa 736,12.345.678/00043,2013-09-28,1
737,Empresa 737,12.345.678/00044,2012-12-21,1
738,Empresa 738,12.345.678/00045,1989-06-02,1
739,Empresa 739,12.345.678/00046,1990-04-24,1
740,Empresa 740,12.345.678/00047,1995-06-15,1
741,Empresa 741,12.345.678/00048,2008-10-18,1
742,Empresa 742,12.345.678/00049,2019-11-04,1
743,Empresa 743,12.345.678/00050,1987-12-24,1
744,Empresa 744,12.345.678/00051,1993-08-08,1
745,Empresa 745,12.345.678/00052,1996-03-14,1
746,Empresa 746,12.345.678/00053,2017-03-11,1
747,Empresa 747,12.345.678/00054,2013-04-01,1
748,Empresa 748,12.345.678/00055,2019-06-02,1
749,Empresa 749,12.345.678/00056,2004-01-22,1
750,Empresa 750,,2018-11-08,1
751,Empresa 751,12.345.678/00058,1981-12-29,1
752,Empresa 752,12.345.678/00059,1983-09-27,1
753,Empresa 753,12.345.678/00060,1992-04-19,1
754,Empresa 754,12.345.678/00061,1981-11-29,1
755,Empresa 755,12.345.678/00062,1999-09-04,1
756,Empresa 756,12.345.678/00063,2019-09-25,1
757,Empresa 757,12.345.678/00064,2018-02-13,1
758,Empresa 758,12.345.678/00065,1981-01-30,1
759,Empresa 759,12.345.678/00066,2020-06-19,1
760,Empresa 760,12.345.678/00067,2000-04-05,0
761,Empresa 761,12.345.678/00068,2002-02-16,1
762,Empresa 762,12.345.678/00069,1991-06-03,1
763,Empresa 763,12.345.678/00070,1991-12-09,1
764,Empresa 764,12.345.678/00071,1986-11-07,1
765,Empresa 765,12.345.678/00072,2007-05-30,1
766,Empresa 766,12.345.678/00073,1981-12-18,1
767,Empresa 767,12.345.678/00074,1987-08-14,1
768,Empresa 768,12.345.678/00075,1993-07-17,1
769,Empresa 769,12.345.678/00076,2012-03-22,1
770,Empresa 770,12.345.678/00077,1995-01-08,1
771,Empresa 771,12.345.678/00078,2002-10-27,1
772,Empresa 772,12.345.678/00079,1993-08-20,1
773,Empresa 773,12.345.678/00080,,1
774,Empresa 774,12.345.678/00081,1999-11-23,1
775,Empresa 775,,1992-04-18,1
776,Empresa 776,12.345.678/00083,1999-09-10,1
777,Empresa 777,12.345.678/00084,2010-06-22,1
778,Empresa 778,12.345.678/00085,1995-04-20,1
779,Empresa 779,12.345.678/00086,2000-12-12,1
780,Empresa 780,12.345.678/00087,1989-12-15,1
781,Empresa 781,12.345.678/00088,2011-04-02,1
782,Empresa 782,12.345.678/00089,1983-03-13,1
783,Empresa 783,12.345.678/00090,2009-08-04,1
784,Empresa 784,12.345.678/00091,1982-11-28,1
785,Empresa 785,12.345.678/00092,1985-11-26,1
786,Empresa 786,12.345.678/00093,2001-07-09,1
787,Empresa 787,12.345.678/00094,1994-02-17,1
788,Empresa 788,12.345.678/00095,1994-07-11,0
789,Empresa 789,12.345.678/00096,2010-08-05,1
790,Empresa 790,12.345.678/00097,1997-11-28,1
791,Empresa 791,12.345.678/00098,2011-06-13,1
792,Empresa 792,12.345.678/00000,1992-12-12,1
793,Empresa 793,12.345.678/00001,2005-08-05,1
794,Empresa 794,12.345.678/00002,2000-01-26,1
795,Empresa 795,12.345.678/00003,1994-08-09,1
796,Empresa 796,12.345.678/00004,2004-06-07,1
797,Empresa 797,12.345.678/00005,1991-11-09,1
798,Empresa 798,12.345.678/00006,2001-12-06,1
799,Empresa 799,12.345.678/00007,1998-08-15,1
800,Empresa 800,,1993-04-08,0
801,Empresa 801,12.345.678/00009,1998-06-06,1
802,Empresa 802,12.345.678/00010,1999-10-29,1
803,Empresa 803,12.345.678/00011,1982-08-11,1
804,Empresa 804,12.345.678/00012,1986-12-14,1
805,Empresa 805,12.345.678/00013,1999-04-27,1
806,Empresa 806,12.345.678/00014,2011-07-13,1
807,Empresa 807,12.345.678/00015,2011-06-20,0
808,Empresa 808,12.345.678/00016,1984-03-22,1
809,Empresa 809,12.345.678/00017,1994-06-29,1
810,Empresa 810,12.345.678/00018,2018-03-26,1
811,Empresa 811,12.345.678/00019,1983-04-06,1
812,Empresa 812,12.345.678/00020,1997-04-14,1
813,Empresa 813,12.345.678/00021,2017-07-09,1
814,Empresa 814,12.345.678/00022,2010-08-16,1
815,Empresa 815,12.345.678/00023,1998-12-30,1
816,Empresa 816,12.345.678/00024,1987-05-05,1
817,Empresa 817,12.345.678/00025,2005-10-05,1
818,Empresa 818,12.345.678/00026,1984-03-20,1
819,Empresa 819,12.345.678/00027,1996-11-24,1
820,Empresa 820,12.345.678/00028,2011-04-16,1
821,Empresa 821,12.345.678/00029,1995-03-04,1
822,Empresa 822,12.345.678/00030,2008-12-17,1
823,Empresa 823,12.345.678/00031,2012-08-11,1
824,Empresa 824,12.345.678/00032,2017-10-20,0
825,Empresa 825,,2006-03-25,1
826,Empresa 826,12.345.678/00034,2007-07-06,1
827,Empresa 827,12.345.678/00035,1983-09-27,1
828,Empresa 828,12.345.678/00036,2003-10-18,0
829,Empresa 829,12.345.678/00037,2007-01-11,1
830,Empresa 830,12.345.678/00038,2003-10-29,1
831,Empresa 831,12.345.678/00039,2000-07-08,1
832,Empresa 832,12.345.678/00040,1991-10-22,1
833,Empresa 833,12.345.678/00041,1983-08-17,1
834,Empresa 834,12.345.678/00042,2005-08-04,1
835,Empresa 835,12.345.678/00043,2007-06-07,1
836,Empresa 836,12.345.678/00044,1988-08-07,1
837,Empresa 837,12.345.678/00045,2000-04-24,1
838,Empresa 838,12.345.678/00046,1989-07-18,1
839,Empresa 839,12.345.678/000047,1984-12-15,1
840,Empresa 840,12.345.678/00048,1998-01-14,0
841,Empresa 841,12.345.678/00049,1988-01-02,0
842,Empresa 842,12.345.678/00050,1994-07-07,1
843,Empresa 843,12.345.678/00051,2008-06-28,1
844,Empresa 844,12.345.678/00052,1991-06-18,1
845,Empresa 845,12.345.678/00053,2004-05-19,1
846,Empresa 846,12.345.678/00054,1996-05-13,1
847,Empresa 847,12.345.678/00055,2012-04-16,1
848,Empresa 848,12.345.678/00056,2013-09-30,1
849,Empresa 849,12.345.678/00057,2012-01-27,1
850,Empresa 850,,1991-09-08,1
851,Empresa 851,12.345.678/00059,1992-12-31,1
852,Empresa 852,12.345.678/00060,1993-04-11,1
853,Empresa 853,12.345.678/00061,2005-10-31,1
854,Empresa 854,12.345.678/00062,1990-02-26,1
855,Empresa 855,12.345.678/00063,2005-05-22,1
856,Empresa 856,12.345.678/00064,2018-04-02,1
857,Empresa 857,12.345.678/00065,1998-02-14,1
858,Empresa 858,12.345.678/00066,2003-09-04,1
859,Empresa 859,12.345.678/00067,2015-11-29,1
860,Empresa 860,12.345.678/00068,2004-11-16,1
861,Empresa 861,12.345.678/00069,2006-03-21,1
862,Empresa 862,12.345.678/00070,2007-10-16,1
863,Empresa 863,12.345.678/00071,1988-05-30,0
864,Empresa 864,12.345.678/00072,1997-11-17,1
865,Empresa 865,12.345.678/00073,2007-11-23,1
866,Empresa 866,12.345.678/00074,2020-03-14,1
867,Empresa 867,12.345.678/00075,2014-02-28,1
868,Empresa 868,12.345.678/00076,1981-05-19,1
869,Empresa 869,12.345.678/00077,1983-04-29,1
870,Empresa 870,12.345.678/00078,1984-03-11,1
871,Empresa 871,12.345.678/00079,2011-11-06,1
872,Empresa 872,12.345.678/00080,2000-09-28,1
873,Empresa 873,12.345.678/00081,1982-04-03,1
874,Empresa 874,12.345.678/00082,1982-07-17,1
875,Empresa 875,,1993-10-08,1
876,Empresa 876,12.345.678/00084,2016-10-06,1
877,Empresa 877,12.345.678/00085,1980-05-13,1
878,Empresa 878,12.345.678/00086,1985-10-06,1
879,Empresa 879,12.345.678/00087,1989-12-06,1
880,Empresa 880,12.345.678/00088,2015-07-08,0
881,Empresa 881,12.345.678/00089,1997-04-17,1
882,Empresa 882,12.345.678/00090,1985-01-26,0
883,Empresa 883,12.345.678/00091,1993-06-11,1
884,Empresa 884,12.345.678/00092,2016-11-07,1
885,Empresa 885,12.345.678/00093,1991-06-07,1
886,Empresa 886,12.345.678/00094,2010-06-17,1
887,Empresa 887,12.345.678/00095,2011-06-03,1
888,Empresa 888,12.345.678/00096,2014-03-13,1
889,Empresa 889,12.345.678/00097,2010-02-15,1
890,Empresa 890,12.345.678/00098,1994-08-23,1
891,Empresa 891,12.345.678/00000,2018-04-18,1
892,Empresa 892,12.345.678/00001,2005-11-07,1
893,Empresa 893,12.345.678/00002,2018-04-01,1
894,Empresa 894,12.345.678/00003,2017-11-25,1
895,Empresa 895,12.345.678/00004,2012-01-17,1
896,Empresa 896,12.345.678/00005,1996-12-12,1
897,Empresa 897,12.345.678/00006,1983-06-10,1
898,Empresa 898,12.345.678/00007,1989-03-30,1
899,Empresa 899,12.345.678/00008,1995-06-16,1
900,Empresa 900,,2016-11-01,1
901,Empresa 901,12.345.678/00010,1989-07-18,1
902,Empresa 902,12.345.678/00011,1989-10-24,1
903,Empresa 903,12.345.678/00012,2006-04-02,1
904,Empresa 904,12.345.678/00013,2012-05-21,1
905,Empresa 905,12.345.678/00014,2002-01-18,1
906,Empresa 906,12.345.678/00015,1989-02-12,1
907,Empresa 907,12.345.678/00016,1987-05-27,1
908,Empresa 908,12.345.678/00017,2003-09-19,1
909,Empresa 909,12.345.678/00018,2002-03-26,1
910,Empresa 910,12.345.678/00019,1999-06-24,1
911,Empresa 911,12.345.678/00020,2016-06-23,1
912,Empresa 912,12.345.678/00021,1983-09-15,1
913,Empresa 913,12.345.678/00022,2010-01-18,1
914,Empresa 914,12.345.678/00023,2010-03-07,1
915,Empresa 915,12.345.678/00024,1993-11-11,1
916,Empresa 916,12.345.678/00025,2003-05-29,1
917,Empresa 917,12.345.678/00026,2010-09-11,1
918,Empresa 918,12.345.678/00027,2000-09-27,1
919,Empresa 919,12.345.678/00028,1981-10-29,0
920,Empresa 920,12.345.678/00029,1992-03-26,0
921,Empresa 921,12.345.678/00030,2016-06-19,1
922,Empresa 922,12.345.678/00031,2005-07-25,1
923,Empresa 923,12.345.678/00032,2017-05-25,1
924,Empresa 924,12.345.678/00033,1998-09-02,1
925,Empresa 925,,2013-11-20,1
926,Empresa 926,12.345.678/00035,1990-03-08,1
927,Empresa 927,12.345.678/00036,1987-07-08,1
928,Empresa 928,12.345.678/00037,2000-06-27,1
929,Empresa 929,12.345.678/00038,1981-06-23,1
930,Empresa 930,12.345.678/00039,2010-01-14,1
931,Empresa 931,12.345.678/00040,1993-08-04,1
932,Empresa 932,12.345.678/00041,2013-10-02,1
933,Empresa 933,12.345.678/00042,1993-03-28,1
934,Empresa 934,12.345.678/00043,1990-05-03,1
935,Empresa 935,12.345.678/00044,1996-07-17,1
936,Empresa 936,12.345.678/00045,2020-08-15,1
937,Empresa 937,12.345.678/00046,1999-06-12,1
938,Empresa 938,12.345.678/00047,2000-01-08,1
939,Empresa 939,12.345.678/00048,1994-07-26,1
940,Empresa 940,12.345.678/00049,2016-03-08,1
941,Empresa 941,12.345.678/00050,1996-10-15,1
942,Empresa 942,12.345.678/00051,2001-08-09,1
943,Empresa 943,12.345.678/00052,2009-04-18,1
944,Empresa 944,12.345.678/00053,1987-08-11,1
945,Empresa 945,12.345.678/00054,1982-07-13,1
946,Empresa 946,12.345.678/00055,2010-07-10,1
947,Empresa 947,12.345.678/00056,1984-04-30,1
948,Empresa 948,12.345.678/00057,2001-02-13,1
949,Empresa 949,12.345.678/00058,1989-02-06,1
950,Empresa 950,,2014-09-16,1
951,Empresa 951,12.345.678/00060,1995-08-23,1
952,Empresa 952,12.345.678/00061,1999-03-28,1
953,Empresa 953,12.345.678/00062,1980-09-12,1
954,Empresa 954,12.345.678/00063,1993-02-25,1
955,Empresa 955,12.345.678/00064,1985-01-12,1
956,Empresa 956,12.345.678/00065,2007-10-02,1
957,Empresa 957,12.345.678/00066,2020-06-24,1
958,Empresa 958,12.345.678/00067,1980-01-10,1
959,Empresa 959,12.345.678/00068,1987-11-11,1
960,Empresa 960,12.345.678/00069,2004-08-11,0
961,Empresa 961,12.345.678/00070,2000-04-14,1
962,Empresa 962,12.345.678/00071,2000-04-23,1
963,Empresa 963,12.345.678/00072,2016-01-16,1
964,Empresa 964,12.345.678/00073,1994-01-11,1
965,Empresa 965,12.345.678/00074,1982-10-12,1
966,Empresa 966,12.345.678/00075,2007-06-04,1
967,Empresa 967,12.345.678/00076,2014-08-31,1
968,Empresa 968,12.345.678/00077,2011-01-06,1
969,Empresa 969,12.345.678/00078,1986-01-02,1
970,Empresa 970,12.345.678/00079,2003-01-15,1
971,Empresa 971,12.345.678/00080,2017-02-05,1
972,Empresa 972,12.345.678/00081,2019-09-25,1
973,Empresa 973,12.345.678/00082,2018-07-30,1
974,Empresa 974,12.345.678/00083,2015-12-23,1
975,Empresa 975,,,1
976,Empresa 976,12.345.678/00085,1991-05-21,1
977,Empresa 977,12.345.678/00086,2017-01-14,1
978,Empresa 978,12.345.678/00087,1990-09-30,1
979,Empresa 979,12.345.678/00088,1999-01-31,1
980,Empresa 980,12.345.678/00089,1998-12-30,1
981,Empresa 981,12.345.678/00090,1993-02-05,1
982,Empresa 982,12.345.678/00091,2017-09-15,1
983,Empresa 983,12.345.678/00092,1990-12-14,1
984,Empresa 984,12.345.678/00093,1984-06-21,1
985,Empresa 985,12.345.678/00094,2008-04-27,1
986,Empresa 986,12.345.678/00095,1999-11-23,1
987,Empresa 987,12.345.678/00096,2003-10-29,1
988,Empresa 988,12.345.678/00097,1981-01-19,1
989,Empresa 989,12.345.678/00098,1981-02-08,1
990,Empresa 990,12.345.678/00o00,,1
991,Empresa 991,12.345.678/00001,2015-01-22,1
992,Empresa 992,12.345.678/00002,2014-12-11,1
993,Empresa 993,12.345.678/00003,1985-06-23,1
994,Empresa 994,12.345.678/00004,2009-12-22,0
995,Empresa 995,12.345.678/00005,2006-12-30,1
996,Empresa 996,12.345.678/00006,1996-05-25,1
997,Empresa 997,12.345.678/00007,1983-12-31,1
998,Empresa 998,12.345.678/00008,1999-09-08,1
999,Empresa 999,12.345.678/00009,1999-07-20,1
1000,Empresa 1000,,1989-12-15,0
